drop sequence if exists hibernate_sequence;
create sequence hibernate_sequence start with 100 increment by 1;
insert into usuarios (id, nombre, apellido, username, password, movil, email, enabled) values (1, 'Carlos', 'Funalleras', 'admin', '$2a$10$iwucvaEGiarzKp1fLqw7he9qvKGa/Xh6UzT7S9DRWYb2zQnX3tatm', 600000001, 'admin@bibliomanager.carlosfunalleras.es', true);
insert into usuarios (id, nombre, apellido, username, password, movil, email, enabled) values (2, 'Usuario', 'Normal', 'usu', '$2a$10$1pT.Gy5a8wbw8esWbzQ1/uUy194T9hiehxkCnR/vVGJk9FLsqK0lm', 600000002, 'dmeth1@buzzfeed.com', true);
insert into usuarios (id, nombre, apellido, username, password, movil, email, enabled) values (3, 'Usuario', 'Deshabilitado', 'nuevo', '$2a$10$QJTUpluf1V7PUGoRbm9ta.rIDZKrD0WOb6GtSCA6uxqdUabZorZBe', 600000000, 'ddatte2@slate.com', false);
insert into usuarios (id, nombre, apellido, username, password, movil, email, enabled) values (4, 'Dory', 'Pennrington', 'Dory', '$2a$10$wnCFQNk3iIopDys432oHeeXKy273PF7x7qehaACto24SIXfJLjqam', 691351577, 'lhellin3@ycombinator.com', true);
insert into usuarios (id, nombre, apellido, username, password, movil, email, enabled) values (5, 'Hershel', 'Mohammed', 'Hershel', '$2a$10$aHc8onyfHWyQe2FjE2nPaeaMWdK8fLPZ4INiag1Ykt1GPp5auYHbe', 664336671, 'jabthorpe4@sogou.com', true);
insert into usuarios (id, nombre, apellido, username, password, movil, email, enabled) values (6, 'Demott', 'Garvagh', 'Demott', '$2a$10$Ql.bu1CPgJR0ffsz.fyOJuxHvJQzZpxqvKdyrpPpHhBW0IBd0M8B2', 684362133, 'itoop5@indiegogo.com', true);
insert into usuarios (id, nombre, apellido, username, password, movil, email, enabled) values (7, 'Jonis', 'Gribbon', 'Jonis', '$2a$10$fBltsRq0YaZgukMwpD2zmONz8y/PR1Ka8vWc1ZlY6AxEdP/PEvhT2', 661929500, 'cadriaens6@marriott.com', true);
insert into usuarios (id, nombre, apellido, username, password, movil, email, enabled) values (8, 'Budd', 'Camamill', 'Budd', '$2a$10$kIKVxvPFvVsOn/G9wLYp0O3C97MnbJ4UqJnViEDavn.9h4/sMFKra', 607866703, 'chall7@webs.com', true);
insert into usuarios (id, nombre, apellido, username, password, movil, email, enabled) values (9, 'Keslie', 'Balcers', 'Keslie', '$2a$10$W7l2mjfPNS2nzAatRpDGnuVsEGauAIjFZkxEHRQWqI7Ep.lHSy.J6', 631379564, 'gconaghy8@cnn.com', true);
insert into usuarios (id, nombre, apellido, username, password, movil, email, enabled) values (10, 'Corabelle', 'Twigley', 'Corabelle', '$2a$10$A6Kz81CM1.9A/w.6lOfBheZoWctcPaUtr8gfh0Oq7H3Wcps/qB1U6', 632228806, 'ctilberry9@tuttocitta.it', true);
insert into roles (id, nombre) values (1, 'ROLE_USER');
insert into roles (id, nombre) values (2, 'ROLE_ADMIN');
insert into usuarios_roles (usuario_id, roles_id) values (1, 1);
insert into usuarios_roles (usuario_id, roles_id) values (1, 2);
insert into usuarios_roles (usuario_id, roles_id) values (2, 1);
insert into usuarios_roles (usuario_id, roles_id) values (4, 1);
insert into usuarios_roles (usuario_id, roles_id) values (5, 1);
insert into usuarios_roles (usuario_id, roles_id) values (6, 1);
insert into usuarios_roles (usuario_id, roles_id) values (7, 1);
insert into usuarios_roles (usuario_id, roles_id) values (8, 1);
insert into usuarios_roles (usuario_id, roles_id) values (9, 1);
insert into usuarios_roles (usuario_id, roles_id) values (10, 1);
insert into autores (id, nombre, fecha_nacimiento, nacionalidad) values (1, 'Sherry', '1942-07-08', 'Colombia');
insert into autores (id, nombre, fecha_nacimiento, nacionalidad) values (2, 'Rich', '1882-11-15', 'Ethiopia');
insert into autores (id, nombre, fecha_nacimiento, nacionalidad) values (3, 'Eloisa', '1825-11-11', 'Portugal');
insert into autores (id, nombre, fecha_nacimiento, nacionalidad) values (4, 'Ode', '1625-11-20', 'Russia');
insert into autores (id, nombre, fecha_nacimiento, nacionalidad) values (5, 'Verne', '1865-01-12', 'Sweden');
insert into ubicaciones (id, pasillo, fila, seccion) values (1, 9, 9, 'A');
insert into ubicaciones (id, pasillo, fila, seccion) values (2, 5, 5, 'A');
insert into ubicaciones (id, pasillo, fila, seccion) values (3, 8, 1, 'A');
insert into ubicaciones (id, pasillo, fila, seccion) values (4, 5, 8, 'A');
insert into ubicaciones (id, pasillo, fila, seccion) values (5, 9, 1, 'A');
insert into ubicaciones (id, pasillo, fila, seccion) values (6, 1, 4, 'A');
insert into ubicaciones (id, pasillo, fila, seccion) values (7, 2, 2, 'A');
insert into ubicaciones (id, pasillo, fila, seccion) values (8, 10, 2, 'A');
insert into ubicaciones (id, pasillo, fila, seccion) values (9, 8, 9, 'A');
insert into ubicaciones (id, pasillo, fila, seccion) values (10, 1, 2, 'A');
insert into libros (id, titulo, numero_paginas, autor_id, ubicacion_id) values (1, 'Stealing Time (a.k.a. Rennie''s Landing)', 376, 1, 1);
insert into libros (id, titulo, numero_paginas, autor_id, ubicacion_id) values (2, 'Escape Artist, The', 350, 2, 2);
insert into libros (id, titulo, numero_paginas, autor_id, ubicacion_id) values (3, 'Mist, The', 712, 3, 1);
insert into libros (id, titulo, numero_paginas, autor_id, ubicacion_id) values (4, 'AM1200', 341, 4, 4);
insert into libros (id, titulo, numero_paginas, autor_id, ubicacion_id) values (5, 'The Adventure of Faustus Bidgood', 221, 5, 4);
insert into libros (id, titulo, numero_paginas, autor_id, ubicacion_id) values (6, 'Born Wild', 118, 4, 10);
insert into libros (id, titulo, numero_paginas, autor_id, ubicacion_id) values (7, 'D.C.H. (Dil Chahta Hai)', 548, 3, 6);
insert into libros (id, titulo, numero_paginas, autor_id, ubicacion_id) values (8, 'Happy People: A Year in the Taiga', 670, 2, 2);
insert into libros (id, titulo, numero_paginas, autor_id, ubicacion_id) values (9, 'Crying Out Love in the Center of the World (Sekai no chashin de, ai o sakebu)', 621, 1, 5);
insert into libros (id, titulo, numero_paginas, autor_id, ubicacion_id) values (10, 'On Tour (Tourne)', 372, 1, 5);
insert into prestamos (id, libro_id, usuario_id, fecha_inicio, fecha_final) values (1, 4, 9, '2019-11-25', '2019-10-12');
insert into prestamos (id, libro_id, usuario_id, fecha_inicio, fecha_final) values (2, 9, 6, '2020-02-02', '2019-04-06');
insert into prestamos (id, libro_id, usuario_id, fecha_inicio, fecha_final) values (3, 6, 3, '2020-05-07', '2019-10-02');
insert into prestamos (id, libro_id, usuario_id, fecha_inicio, fecha_final) values (4, 4, 6, '2019-01-30', '2019-05-27');
insert into prestamos (id, libro_id, usuario_id, fecha_inicio, fecha_final) values (5, 2, 8, '2019-10-16', '2019-11-28');
insert into prestamos (id, libro_id, usuario_id, fecha_inicio, fecha_final) values (6, 10, 4, '2019-08-10', '2019-11-05');
insert into prestamos (id, libro_id, usuario_id, fecha_inicio, fecha_final) values (7, 9, 1, '2019-03-27', '2019-09-11');
insert into prestamos (id, libro_id, usuario_id, fecha_inicio, fecha_final) values (8, 9, 3, '2019-06-01', '2019-08-16');
insert into prestamos (id, libro_id, usuario_id, fecha_inicio, fecha_final) values (9, 7, 2, '2019-09-18', '2019-10-17');
insert into prestamos (id, libro_id, usuario_id, fecha_inicio, fecha_final) values (10, 10, 1, '2020-05-20', '2019-06-19');